"spec_id","model_id","hypothesis_ids","estimate","std_error","ci_low","ci_high","p_value","n","focal_term","source_artifact","status"
"S01","M1","H5",-0.165129134182064,0.071310492863259,-0.305786370826408,-0.0244718975377197,0.0216401719970233,1877,"Renewable (raw, year FE)","analysis/output/main-contrasts.csv","executed"
"S02","M2","H1",-0.12382899152511,0.0208162856321083,-0.16492068715371,-0.0827372958965093,1.50000606177703e-08,1856,"Renewable (occupation FE)","analysis/output/main-contrasts.csv","executed"
"S03","M3","H1; H5",-0.122251025521044,0.0212421153437818,-0.164305395717622,-0.0801966553244653,0,1578,"Renewable (pooled, occupation x year FE)","analysis/output/main-contrasts.csv","executed"
"S04","M4","H2",-0.128972240242087,0.0304116420644235,-0.189180107159517,-0.0687643733246577,0,1578,"Solar vs fossil fuel","analysis/output/main-contrasts.csv","executed"
"S05","M5","H3",-0.121847493613072,0.0334022814488686,-0.187976120010547,-0.0557188672155967,0.0078007800780078,1578,"Blue-collar minus professional/managerial","analysis/output/main-contrasts.csv","executed"
"S06","M5","H3",-0.438079026577692,0.0954588523812051,-0.625178377244854,-0.25097967591053,1.09555436151104e-05,NA,"largest major-group gap: soc_major::Transportation and material moving:renewable","analysis/output/major-group-gaps.csv","executed"
"S07","M6","H4",-0.0185843448913282,0.0183264371022572,-0.0548663609622108,0.0176976711795545,0.32993299329933,1578,"Change 2025 minus 2021 (primary)","analysis/output/main-contrasts.csv","executed"
"S08","M7","H2; H4",-0.180848632648721,0.0294645668598451,-0.238599183694017,-0.123098081603425,1.13484619510255e-08,NA,"tech_year::Solar:2025","analysis/output/tech-by-year.csv","executed"
"S09","D1","H1; H5; H4",-0.162623758866766,NA,-0.216573116646711,-0.0989546465763911,NA,77,"within-occupation gap 2025 (Kitagawa)","tables/table3-decomposition.csv","executed"
"S10","D1","H5",-0.126685518373057,NA,NA,NA,NA,42,"within gap 2025, strict support","tables/table3-decomposition.csv","executed"
"S11","D2","H4",-0.0534882044768941,NA,-0.111989742136555,-0.00148758731612398,NA,54,"change in within gap 2025 minus 2021","analysis/output/d2-change.csv","executed"
"R01","M3","H1",-0.106014859740907,0.031184860487224,-0.168277442599691,-0.0437522768821242,0.00114913785079727,975,"R1 Balanced industry-occupation cells","tables/tableA3-robustness.csv","executed"
"R02","M3","H1",-0.131530497648189,0.030556438927713,-0.192025028148483,-0.071035967147894,3.41810096301146e-05,1578,"R2 Precision weights (employment / PRSE squared)","tables/tableA3-robustness.csv","executed"
"R03","M3","H1",-0.12288199893924,0.0155891537003251,-0.15374484052327,-0.0920191573552101,1.58011792178086e-12,1578,"R3 Unweighted","tables/tableA3-robustness.csv","executed"
"R04","M3","H1",-0.152329349906324,0.0239641235294178,-0.199772653270068,-0.10488604654258,3.8000015691363e-09,1578,"R4 Median wage","tables/tableA3-robustness.csv","executed"
"R05a","M3","H1",-0.220308965217253,0.0382099381126737,-0.295955616060297,-0.144662314374209,6.35044178730632e-08,1578,"R5 10th-percentile wage","tables/tableA3-robustness.csv","executed"
"R05b","M3","H1",-0.0604330925089684,0.0130616618584634,-0.0862920973344527,-0.0345740876834841,9.39607646053429e-06,1578,"R5 90th-percentile wage (top-coded)","tables/tableA3-robustness.csv","executed"
"R06","M3","H1",-0.114567282610655,0.0237133813846579,-0.16151417576247,-0.0676203894588399,4.01662313622435e-06,1709,"R6 Other generation as renewable","tables/tableA3-robustness.csv","executed"
"R07","M3","H1",-0.118671810927677,0.0201482276105896,-0.158560541829832,-0.078783080025521,3.55324721137763e-08,1709,"R7 Other generation as nonrenewable","tables/tableA3-robustness.csv","executed"
"R08","M3","H1",-0.122218551640771,0.021246678731825,-0.164281956267632,-0.0801551470139106,6.75816978361721e-08,1577,"R8 Drop top-coded cells","tables/tableA3-robustness.csv","executed"
"R09","M3","H1",-0.127619780241389,0.0230713935136942,-0.173307420568614,-0.0819321399141638,1.93898562720618e-07,1456,"R9 Mean-wage PRSE at most 10","tables/tableA3-robustness.csv","executed"
"R10","M3","H1",-0.122251025521044,0.0212421153437818,-0.164305395717622,-0.0801966553244653,6.6719401936001e-08,1578,"R10 Nominal wages","tables/tableA3-robustness.csv","executed"
"R11","M6","H4",-0.132052672577178,0.0220880619832825,-0.175830493339328,-0.0882748518150274,2.89771652027332e-08,630,"R11 2021 and 2025 only","tables/tableA3-robustness.csv","executed"
"R12","M3","H1",-0.164232731099936,0.027264192516055,-0.218209391457192,-0.11025607074268,1.88749138910026e-08,1578,"R12 New renewables vs legacy (hydro grouped with fossil and nuclear)","tables/tableA3-robustness.csv","executed"
"R13","M3","H1",-0.100645442972512,0.0240921249236123,-0.148487628357267,-0.0528032575877562,6.64438334607684e-05,1031,"R13 Exclude nuclear","tables/tableA3-robustness.csv","executed"
"R14","M3","H1",-0.122255477887547,0.0212397678735259,-0.164305200647579,-0.0802057551275145,6.64577782188386e-08,1578,"R14 Hourly mean wage","tables/tableA3-robustness.csv","executed"
"R15","M3","H1",-0.118185460315584,0.0184025931534397,-0.154634114827963,-0.0817368058032058,3.06688723545435e-09,1450,"R15 Drop five largest identifying occupations","tables/tableA3-robustness.csv","executed"
"R16","M3","H1",-0.122251025521044,0.021899495420006,-0.165292181515166,-0.0792098695269221,4.16724933173585e-08,1578,"R16 SE clustered by industry-occupation cell","tables/tableA3-robustness.csv","executed"
