"year","naics","detailed_cells","wage_suppressed","emp_suppressed","usable_cells","usable_emp","industry_emp","technology","coverage_share"
2021,"221111",37,0,3,34,5600,6840,"Hydroelectric",0.818713450292398
2021,"221112",141,1,6,134,73540,77610,"Fossil fuel",0.947558304342224
2021,"221113",100,0,0,100,36290,37490,"Nuclear",0.967991464390504
2021,"221114",36,0,5,31,4350,6150,"Solar",0.707317073170732
2021,"221115",33,0,2,31,5860,6900,"Wind",0.849275362318841
2021,"221116",4,0,0,4,600,1110,"Biomass/geothermal",0.540540540540541
2021,"221117",13,0,2,11,1580,2240,"Biomass/geothermal",0.705357142857143
2021,"221118",18,0,2,16,2400,3190,"Other",0.752351097178683
2022,"221111",39,1,2,36,6190,7460,"Hydroelectric",0.829758713136729
2022,"221112",142,1,0,141,72500,73960,"Fossil fuel",0.980259599783667
2022,"221113",93,0,0,93,36470,37600,"Nuclear",0.969946808510638
2022,"221114",40,2,5,33,6770,8870,"Solar",0.763246899661781
2022,"221115",34,1,0,33,6210,7920,"Wind",0.784090909090909
2022,"221116",7,0,0,7,830,1160,"Biomass/geothermal",0.71551724137931
2022,"221117",12,0,1,11,1480,2070,"Biomass/geothermal",0.714975845410628
2022,"221118",20,0,0,20,2350,3030,"Other",0.775577557755776
2023,"221111",47,2,0,45,6800,7930,"Hydroelectric",0.85750315258512
2023,"221112",139,1,1,137,72850,74410,"Fossil fuel",0.979035075930655
2023,"221113",94,0,1,93,36210,37310,"Nuclear",0.970517287590458
2023,"221114",51,1,2,48,11420,13650,"Solar",0.836630036630037
2023,"221115",42,2,2,38,7500,9180,"Wind",0.816993464052288
2023,"221116",5,0,2,3,560,1250,"Biomass/geothermal",0.448
2023,"221117",13,0,1,12,1690,2300,"Biomass/geothermal",0.734782608695652
2023,"221118",22,2,0,20,2490,3810,"Other",0.653543307086614
2024,"221111",51,0,2,49,6840,8060,"Hydroelectric",0.84863523573201
2024,"221112",137,0,4,133,71290,73170,"Fossil fuel",0.974306409730764
2024,"221113",97,0,1,96,37140,38480,"Nuclear",0.965176715176715
2024,"221114",53,0,4,49,13950,15420,"Solar",0.904669260700389
2024,"221115",47,0,0,47,9930,11120,"Wind",0.892985611510791
2024,"221116",8,0,1,7,670,1140,"Biomass/geothermal",0.587719298245614
2024,"221117",14,0,0,14,1840,2350,"Biomass/geothermal",0.782978723404255
2024,"221118",38,0,5,33,3490,4980,"Other",0.700803212851406
2025,"221111",48,2,1,45,6610,8050,"Hydroelectric",0.82111801242236
2025,"221112",134,0,5,129,70650,73110,"Fossil fuel",0.966352072219943
2025,"221113",98,0,0,98,36570,37710,"Nuclear",0.969769291964996
2025,"221114",71,1,5,65,16170,17590,"Solar",0.919272313814667
2025,"221115",52,0,0,52,11420,13110,"Wind",0.871090770404272
2025,"221116",5,0,0,5,470,1000,"Biomass/geothermal",0.47
2025,"221117",15,1,1,13,1730,2370,"Biomass/geothermal",0.729957805907173
2025,"221118",46,1,5,40,4490,6140,"Other",0.731270358306189
