"spec_id","check","nobs","estimate","se","ci_low","ci_high","ci90_low","ci90_high","p_cr1","change_2025_2021","change_se","change_ci_low","change_ci_high","pct_gap","n_balanced_cells"
"S03","Headline specification (M3 / M6)",1578,-0.122251025521044,0.0212421153437818,-0.164305395717622,-0.0801966553244653,-0.15746077313453,-0.0870412779075576,6.6719401936001e-08,-0.0185843448913282,0.0183264371022572,-0.0548663609622108,0.0176976711795545,-11.5073798441824,NA
"R01","R1 Balanced industry-occupation cells",975,-0.106014859740907,0.031184860487224,-0.168277442599691,-0.0437522768821242,-0.158039642982045,-0.0539900764997693,0.00114913785079727,0.0151103468585469,0.0129673518856902,-0.0107798065244562,0.0410005002415501,-10.0588717042011,1240
"R02","R2 Precision weights (employment / PRSE squared)",1578,-0.131530497648189,0.030556438927713,-0.192025028148483,-0.071035967147894,-0.182179149404363,-0.0808818458920149,3.41810096301146e-05,-0.0115486070279256,0.0471071902192956,-0.104809715177534,0.0817125011216832,-12.3247464160331,NA
"R03","R3 Unweighted",1578,-0.12288199893924,0.0155891537003251,-0.15374484052327,-0.0920191573552101,-0.148721712094595,-0.097042285783885,1.58011792178086e-12,-0.00863692642817306,0.0267322720183228,-0.0615605098594848,0.0442866570031387,-11.5631987232409,NA
"R04","R4 Median wage",1578,-0.152329349906324,0.0239641235294178,-0.199772653270068,-0.10488604654258,-0.192050946724421,-0.112607753088227,3.8000015691363e-09,0.00909668171215508,0.025445022907228,-0.041278452575694,0.0594718160000042,-14.1294580385972,NA
"R05a","R5 10th-percentile wage",1578,-0.220308965217253,0.0382099381126737,-0.295955616060297,-0.144662314374209,-0.283643631068599,-0.156974299365907,6.35044178730632e-08,-0.00394143809305295,0.0369168802577745,-0.0770281398521447,0.0691452636660388,-19.7729114132205,NA
"R05b","R5 90th-percentile wage (top-coded)",1578,-0.0604330925089684,0.0130616618584634,-0.0862920973344527,-0.0345740876834841,-0.0820833759203058,-0.038782809097631,9.39607646053429e-06,-0.0489794546027519,0.0279701391308669,-0.104353722486276,0.0063948132807719,-5.8643249270235,NA
"R06","R6 Other generation as renewable",1709,-0.114567282610655,0.0237133813846579,-0.16151417576247,-0.0676203894588399,-0.153873263211149,-0.0752613020101608,4.01662313622435e-06,-0.0377510320928493,0.0230106403417883,-0.0833066639935658,0.0078045998078673,-10.8248062998756,NA
"R07","R7 Other generation as nonrenewable",1709,-0.118671810927677,0.0201482276105896,-0.158560541829832,-0.078783080025521,-0.152068391143291,-0.0852752307120625,3.55324721137763e-08,-0.0165735920840797,0.0183063808233005,-0.0528159014606732,0.0196687172925139,-11.1900782602254,NA
"R08","R8 Drop top-coded cells",1577,-0.122218551640771,0.021246678731825,-0.164281956267632,-0.0801551470139106,-0.157435863272184,-0.0870012400093582,6.75816978361721e-08,-0.0184547316078578,0.0183110809536133,-0.0547063461321237,0.017796882916408,-11.5045060987699,NA
"R09","R9 Mean-wage PRSE at most 10",1456,-0.127619780241389,0.0230713935136942,-0.173307420568614,-0.0819321399141638,-0.165869140380365,-0.0893704201024132,1.93898562720618e-07,-0.0142313104134045,0.0170358136712511,-0.0479668594703683,0.0195042386435593,-11.9812019608953,NA
"R10","R10 Nominal wages",1578,-0.122251025521044,0.0212421153437818,-0.164305395717622,-0.0801966553244653,-0.15746077313453,-0.0870412779075576,6.6719401936001e-08,-0.0185843448913279,0.0183264371022573,-0.0548663609622107,0.017697671179555,-11.5073798441824,NA
"R11","R11 2021 and 2025 only",630,-0.132052672577178,0.0220880619832825,-0.175830493339328,-0.0882748518150274,-0.168695739389348,-0.0954096057650075,2.89771652027332e-08,-0.0185843448913282,0.0183347874889993,-0.054923297625752,0.0177546078430956,-12.3705162843685,NA
"R12","R12 New renewables vs legacy (hydro grouped with fossil and nuclear)",1578,-0.164232731099936,0.027264192516055,-0.218209391457192,-0.11025607074268,-0.20942433851943,-0.119041123680442,1.88749138910026e-08,-0.0157766592782254,0.0225430103374691,-0.0604064942421307,0.02885317568568,-15.1455483800359,NA
"R13","R13 Exclude nuclear",1031,-0.100645442972512,0.0240921249236123,-0.148487628357267,-0.0528032575877562,-0.140672187826995,-0.0606186981180286,6.64438334607684e-05,-0.0397337651242854,0.0201424043477889,-0.0797325882234118,0.000265057974841047,-9.57464144812111,NA
"R14","R14 Hourly mean wage",1578,-0.122255477887547,0.0212397678735259,-0.164305200647579,-0.0802057551275145,-0.157461334465046,-0.0870496213100475,6.64577782188386e-08,-0.0185894984977063,0.0183210223713575,-0.05486079468057,0.0176817976851574,-11.5077738448831,NA
"R15","R15 Drop five largest identifying occupations",1450,-0.118185460315584,0.0184025931534397,-0.154634114827963,-0.0817368058032058,-0.148698721706812,-0.0876721989243564,3.06688723545435e-09,-0.0389579662195864,0.0268385339651807,-0.0921150644589046,0.0141991320197319,-11.1468749953119,NA
"R16","R16 SE clustered by industry-occupation cell",1578,-0.122251025521044,0.021899495420006,-0.165292181515166,-0.0792098695269221,-0.158348839069374,-0.0861532119727136,4.16724933173585e-08,-0.0185843448913282,0.0204663549977253,-0.0588088140488886,0.0216401242662323,-11.5073798441824,NA
