"year","group","cells","employment","mean_real_wage","coverage"
2021,"Nonrenewable (fossil fuel and nuclear)",234,109830,120055.565902962,0.954213727193745
2022,"Nonrenewable (fossil fuel and nuclear)",234,108970,115049.428902115,0.976783793474364
2023,"Nonrenewable (fossil fuel and nuclear)",230,109060,115996.005689338,0.976190476190476
2024,"Nonrenewable (fossil fuel and nuclear)",229,108430,117139.536963513,0.97115987460815
2025,"Nonrenewable (fossil fuel and nuclear)",227,107220,117436.513710129,0.967514889009204
2021,"  Fossil fuel",134,73540,113501.450532671,0.947558304342224
2022,"  Fossil fuel",141,72500,109403.130959028,0.980259599783667
2023,"  Fossil fuel",137,72850,110857.469684254,0.979035075930655
2024,"  Fossil fuel",133,71290,113140.282809626,0.974306409730764
2025,"  Fossil fuel",129,70650,115039.286624204,0.966352072219943
2021,"  Nuclear",100,36290,133337.176383292,0.967991464390504
2022,"  Nuclear",93,36470,126273.90383696,0.969946808510638
2023,"  Nuclear",93,36210,126334.0987015,0.970517287590458
2024,"  Nuclear",96,37140,124816.080545383,0.965176715176715
2025,"  Nuclear",98,36570,122067.744052502,0.969769291964996
2021,"Renewable",111,17990,104831.750056044,0.774096385542169
2022,"Renewable",120,21480,102645.928877934,0.781659388646288
2023,"Renewable",146,27970,104606.996035726,0.815214223258525
2024,"Renewable",166,33230,103061.628912263,0.872407456025203
2025,"Renewable",180,36400,102513.164835165,0.864197530864197
2021,"  Hydroelectric",34,5600,106700.333413378,0.818713450292398
2022,"  Hydroelectric",36,6190,105713.457854571,0.829758713136729
2023,"  Hydroelectric",45,6800,112153.077790257,0.85750315258512
2024,"  Hydroelectric",49,6840,113257.713178934,0.84863523573201
2025,"  Hydroelectric",45,6610,114663.267776097,0.82111801242236
2021,"  Solar",31,4350,111340.955478371,0.707317073170732
2022,"  Solar",33,6770,111646.631264885,0.763246899661781
2023,"  Solar",48,11420,105905.358575889,0.836630036630037
2024,"  Solar",49,13950,102497.973272567,0.904669260700389
2025,"  Solar",65,16170,99845.24427953,0.919272313814667
2021,"  Wind",31,5860,105474.750416914,0.849275362318841
2022,"  Wind",33,6210,94963.644110219,0.784090909090909
2023,"  Wind",38,7500,101000.557594031,0.816993464052288
2024,"  Wind",47,9930,100158.83254588,0.892985611510791
2025,"  Wind",52,11420,100663.642732049,0.871090770404272
2021,"  Biomass and geothermal",15,2180,85314.7351464637,0.650746268656716
2022,"  Biomass and geothermal",18,2310,88699.707614928,0.715170278637771
2023,"  Biomass and geothermal",15,2250,87232.6103349368,0.633802816901408
2024,"  Biomass and geothermal",21,2510,89892.9228197995,0.71919770773639
2025,"  Biomass and geothermal",18,2200,95217.5454545454,0.652818991097923
