"year","raw","within","composition","off_support","n_common","offsup_share_r","offsup_share_n","raw_lo","raw_hi","within_lo","within_hi","within90_lo","within90_hi","comp_lo","comp_hi","support"
2021,-0.165568356713283,-0.109135554389872,0.0259825761320585,-0.0824153784554582,59,0.22568093385214,0.298188108895566,-0.274902262418941,-0.0153383214332035,-0.151632595872749,-0.0565537099473778,-0.14627992740153,-0.0645396199114613,-0.0323108708590257,0.115586985239175,"occupations in both sectors that year"
2022,-0.157449107374815,-0.150332037400418,0.0272552740341783,-0.0343723440085668,60,0.0647113594040968,0.313297237771864,-0.290508661606072,0.00808338985959872,-0.236274832993454,-0.0753124809347779,-0.222243053316433,-0.082168050060355,-0.0328889450878335,0.121043995863749,"occupations in both sectors that year"
2023,-0.145218403871628,-0.1458022414755,0.0137721349809369,-0.0131882973770612,68,0.110833035395066,0.276361635796809,-0.262216128817177,0.00645454688204345,-0.197246654976524,-0.0843502309596395,-0.18869177612875,-0.0908742337554609,-0.056590887748423,0.0926297172359777,"occupations in both sectors that year"
2024,-0.172240689678782,-0.13720684040623,-0.00154715726300382,-0.03348669200955,71,0.140234727655733,0.253527621506963,-0.305622622055438,-0.00819192705761511,-0.192856171915082,-0.0675945453232666,-0.185495287415256,-0.0770731145569721,-0.0806211754972023,0.0838651169313895,"occupations in both sectors that year"
2025,-0.179604500448852,-0.162623758866766,0.0236630159589384,-0.0406437575410283,77,0.13489010989011,0.245290057825033,-0.312411866744329,-0.0187979440492858,-0.216573116646711,-0.0989546465763911,-0.207053872165861,-0.107752476940053,-0.0606219966292027,0.115225885830071,"occupations in both sectors that year"
2021,-0.165568356713283,-0.111513443283707,0.00367225959445338,-0.0577271730240252,42,0.281823235130628,0.396886096694892,NA,NA,NA,NA,NA,NA,NA,NA,"occupations in both sectors all five years"
2022,-0.157449107374815,-0.0930789353184691,0.0268674087314072,-0.0912375807877481,42,0.263035381750466,0.388272001468294,NA,NA,NA,NA,NA,NA,NA,NA,"occupations in both sectors all five years"
2023,-0.145218403871628,-0.122694028638043,0.0372275668586844,-0.0597519420922659,42,0.306757239899893,0.376856776086558,NA,NA,NA,NA,NA,NA,NA,NA,"occupations in both sectors all five years"
2024,-0.172240689678782,-0.106485436896437,0.0312111202617543,-0.0969663730440953,42,0.362624134817936,0.363829198561284,NA,NA,NA,NA,NA,NA,NA,NA,"occupations in both sectors all five years"
2025,-0.179604500448852,-0.126685518373057,0.0607741957900495,-0.113693177865848,42,0.372527472527473,0.377168438724119,NA,NA,NA,NA,NA,NA,NA,NA,"occupations in both sectors all five years"
