"part","term","statistic","M1 Raw","M2 Occupation FE","M3 Occupation x year FE","M4 Technology","M5 Occupational class","M6 Year"
"estimates","Renewable generation","estimate","-0.165*","-0.124***","-0.122***","","",""
"estimates","Renewable generation","({std.error})","(0.071)","(0.021)","(0.021)","","",""
"estimates","Nuclear","estimate","","","","0.110***","",""
"estimates","Nuclear","({std.error})","","","","(0.013)","",""
"estimates","Hydroelectric","estimate","","","","-0.020","",""
"estimates","Hydroelectric","({std.error})","","","","(0.026)","",""
"estimates","Solar","estimate","","","","-0.129***","",""
"estimates","Solar","({std.error})","","","","(0.030)","",""
"estimates","Wind","estimate","","","","-0.076**","",""
"estimates","Wind","({std.error})","","","","(0.024)","",""
"estimates","Biomass and geothermal","estimate","","","","-0.280***","",""
"estimates","Biomass and geothermal","({std.error})","","","","(0.032)","",""
"estimates","Renewable × professional and managerial","estimate","","","","","-0.057**",""
"estimates","Renewable × professional and managerial","({std.error})","","","","","(0.022)",""
"estimates","Renewable × blue-collar trades","estimate","","","","","-0.179***",""
"estimates","Renewable × blue-collar trades","({std.error})","","","","","(0.026)",""
"estimates","Renewable × office and administrative support","estimate","","","","","-0.134***",""
"estimates","Renewable × office and administrative support","({std.error})","","","","","(0.035)",""
"estimates","Renewable × other occupations","estimate","","","","","-0.117*",""
"estimates","Renewable × other occupations","({std.error})","","","","","(0.059)",""
"estimates","Renewable × 2021","estimate","","","","","","-0.121***"
"estimates","Renewable × 2021","({std.error})","","","","","","(0.026)"
"estimates","Renewable × 2022","estimate","","","","","","-0.105***"
"estimates","Renewable × 2022","({std.error})","","","","","","(0.015)"
"estimates","Renewable × 2023","estimate","","","","","","-0.128***"
"estimates","Renewable × 2023","({std.error})","","","","","","(0.025)"
"estimates","Renewable × 2024","estimate","","","","","","-0.113***"
"estimates","Renewable × 2024","({std.error})","","","","","","(0.028)"
"estimates","Renewable × 2025","estimate","","","","","","-0.139***"
"estimates","Renewable × 2025","({std.error})","","","","","","(0.023)"
"gof","Cells","","1877","1856","1578","1578","1578","1578"
"gof","R²","","0.057","0.907","0.915","0.943","0.920","0.915"
