"year","NAICS","detailed_cells","usable_cells","wage_suppressed","emp_suppressed","topcoded_mean","p90_topcoded","p90_suppressed","usable_emp","total_emp","coverage"
2021,"221111",37,34,0,3,0,1,0,5600,6840,0.819
2021,"221112",141,134,1,6,0,7,1,73540,77610,0.948
2021,"221113",100,100,0,0,0,13,0,36290,37490,0.968
2021,"221114",36,31,0,5,0,8,0,4350,6150,0.707
2021,"221115",33,31,0,2,0,8,0,5860,6900,0.849
2021,"221116",4,4,0,0,0,0,0,600,1110,0.541
2021,"221117",13,11,0,2,0,1,0,1580,2240,0.705
2021,"221118",18,16,0,2,0,2,0,2400,3190,0.752
2022,"221111",39,36,1,2,0,1,1,6190,7460,0.83
2022,"221112",142,141,1,0,0,2,1,72500,73960,0.98
2022,"221113",93,93,0,0,0,9,0,36470,37600,0.97
2022,"221114",40,33,2,5,0,9,2,6770,8870,0.763
2022,"221115",34,33,1,0,0,4,1,6210,7920,0.784
2022,"221116",7,7,0,0,0,0,0,830,1160,0.716
2022,"221117",12,11,0,1,0,0,0,1480,2070,0.715
2022,"221118",20,20,0,0,0,1,0,2350,3030,0.776
2023,"221111",47,45,2,0,0,3,2,6800,7930,0.858
2023,"221112",139,137,1,1,0,5,1,72850,74410,0.979
2023,"221113",94,93,0,1,0,10,0,36210,37310,0.971
2023,"221114",51,48,1,2,0,9,1,11420,13650,0.837
2023,"221115",42,38,2,2,0,7,2,7500,9180,0.817
2023,"221116",5,3,0,2,0,0,0,560,1250,0.448
2023,"221117",13,12,0,1,0,0,0,1690,2300,0.735
2023,"221118",22,20,2,0,0,4,2,2490,3810,0.654
2024,"221111",51,49,0,2,0,3,0,6840,8060,0.849
2024,"221112",137,133,0,4,0,7,0,71290,73170,0.974
2024,"221113",97,96,0,1,0,7,0,37140,38480,0.965
2024,"221114",53,49,0,4,0,8,0,13950,15420,0.905
2024,"221115",47,47,0,0,0,7,0,9930,11120,0.893
2024,"221116",8,7,0,1,0,0,0,670,1140,0.588
2024,"221117",14,14,0,0,0,0,0,1840,2350,0.783
2024,"221118",38,33,0,5,1,7,0,3490,4980,0.701
2025,"221111",48,45,2,1,1,1,2,6610,8050,0.821
2025,"221112",134,129,0,5,0,0,0,70650,73110,0.966
2025,"221113",98,98,0,0,0,0,0,36570,37710,0.97
2025,"221114",71,65,1,5,0,0,1,16170,17590,0.919
2025,"221115",52,52,0,0,0,0,0,11420,13110,0.871
2025,"221116",5,5,0,0,0,0,0,470,1000,0.47
2025,"221117",15,13,1,1,0,0,1,1730,2370,0.73
2025,"221118",46,40,1,5,0,0,1,4490,6140,0.731
