variable,role,construct,display_label,table_stub_label,manuscript_term,levels_display,operationalization,source,missing_values,design_source,post_treatment,measurement_quality
ln_real_wage,y,Pay level of an industry-occupation job cell,Log real mean annual wage,Log real mean annual wage (2025 $),log real mean annual wage,continuous; natural log of May-2025 dollars,"ln(A_MEAN x CPI-U May 2025 / CPI-U May of estimate year); '#' set to year top code (208,000 in 2021; 239,200 in 2022-2025) and flagged","BLS OEWS May 2021-2025 national industry-specific estimates (nat5d_6d files), private ownership; CPI-U CUUR0000SA0 May values",'*' suppressed wage cells dropped (counted in coverage table),identification-strategy.measures.y; M1-M7; D1,no,"High for mean wage (median mean-wage PRSE 2.5%); cell mean assumes 2,080 hours for annual pay"
renewable,x,Renewable generation sector,Renewable generation,Renewable (vs. fossil fuel and nuclear),renewable generation,"binary indicator: 1 = hydroelectric, solar, wind, geothermal, biomass; 0 = fossil fuel, nuclear","1 if NAICS in 221111, 221114, 221115, 221116, 221117; 0 if 221112 or 221113; 221118 excluded in main sample","BLS OEWS May 2021-2025 national industry-specific estimates (nat5d_6d files), private ownership",none (industry code always present),"identification-strategy.measures.x; M1-M3, M5, M6",no,High: NAICS codes and titles identical across all five files
technology,x,Generation technology,Generation technology,Technology (ref. = fossil fuel),generation technology,"categorical: fossil fuel (reference), nuclear, hydroelectric, solar, wind, biomass/geothermal",six-digit NAICS 221111-221117 mapped to labels; 221116 and 221117 pooled as biomass/geothermal,"BLS OEWS May 2021-2025 national industry-specific estimates (nat5d_6d files), private ownership",none,"M4, M7",no,High; biomass/geothermal sparse (4-15 cells per year)
occ_class,moderator,Occupational class,Occupational class,Occupational class,occupational class,"categorical: professional and managerial (SOC 11,13,15,17,19); blue-collar trades (SOC 47,49,51,53); office and administrative support (SOC 43); other occupations (all remaining)",first two digits of 6-digit SOC code mapped to four classes,"BLS OEWS May 2021-2025 national industry-specific estimates (nat5d_6d files), private ownership",none,M5,no,"Adequate; coarse grouping, major-group results reported alongside"
soc_major,moderator,SOC major occupational group,Major occupational group,Major occupational group,major occupational group,"categorical: 2-digit SOC major group titles (e.g., Installation, maintenance, and repair)",first two digits of OCC_CODE,"BLS OEWS May 2021-2025 national industry-specific estimates (nat5d_6d files), private ownership",none,M5 descriptive,no,High
year,moderator,OEWS estimate year,Estimate year,Year (May estimate),estimate year,"categorical: May 2021, 2022, 2023, 2024, 2025 (each pools six semiannual panels over three years)",file vintage,"BLS OEWS May 2021-2025 national industry-specific estimates (nat5d_6d files), private ownership",none,M1-M7; D1-D2,no,High; adjacent years share panels
occ,fixed_effect,Detailed occupation,Detailed occupation,Detailed occupation (6-digit SOC),detailed occupation,categorical: 6-digit SOC codes,OCC_CODE for rows with O_GROUP = detailed,"BLS OEWS May 2021-2025 national industry-specific estimates (nat5d_6d files), private ownership",none,M2-M7 fixed effects; D1,no,"High; some OEWS 'detailed' codes are broad occupations; pre-exposure job classification, not post-treatment"
emp,weight,Cell employment,Employment,Employment,employment,continuous count rounded to nearest 10,TOT_EMP,"BLS OEWS May 2021-2025 national industry-specific estimates (nat5d_6d files), private ownership",'**' suppressed employment cells dropped,regression weights; decomposition shares,no,Adequate; estimate with its own PRSE
mean_prse,diagnostic,Precision of cell mean wage,Relative standard error of mean wage,Mean-wage relative standard error (%),relative standard error,continuous percent,MEAN_PRSE,"BLS OEWS May 2021-2025 national industry-specific estimates (nat5d_6d files), private ownership",missing for suppressed wages,"R2, R9",no,Model-based precision measure
ln_real_hourly,y_robust,Hourly pay,Log real mean hourly wage,Log real mean hourly wage (2025 $),log real mean hourly wage,continuous; natural log,ln(H_MEAN x CPI ratio),"BLS OEWS May 2021-2025 national industry-specific estimates (nat5d_6d files), private ownership",as ln_real_wage,R14,no,High
ln_real_median,y_robust,Median pay in cell,Log real median annual wage,Log real median annual wage,log real median wage,continuous; natural log,ln(A_MEDIAN x CPI ratio); top-coded set to threshold,"BLS OEWS May 2021-2025 national industry-specific estimates (nat5d_6d files), private ownership",'*' dropped,R4,no,Adequate; interpolated percentile
ln_real_p10,y_robust,Lower-tail pay in cell,Log real 10th-percentile wage,Log real 10th-percentile wage,log real 10th-percentile wage,continuous; natural log,ln(A_PCT10 x CPI ratio),"BLS OEWS May 2021-2025 national industry-specific estimates (nat5d_6d files), private ownership",'*' dropped,R5,no,Adequate; reported within-cell percentile
ln_real_p90,y_robust,Upper-tail pay in cell,Log real 90th-percentile wage,Log real 90th-percentile wage,log real 90th-percentile wage,continuous; natural log; right-censored at top code,ln(A_PCT90 x CPI ratio); '#' set to threshold and counted,"BLS OEWS May 2021-2025 national industry-specific estimates (nat5d_6d files), private ownership",'*' dropped; top-coded share reported,R5,no,Weak-adequate; censored in management and engineering cells
