spec_id,model_id,hypothesis_ids,outcome,predictors,covariates,estimator,purpose,robustness_type,missing_data_strategy,status,script,inference
S01,M1,H5,ln_real_wage,renewable,year,"WLS fixest::feols, weights = emp",Raw year-adjusted renewable gap,main,drop BLS-suppressed cells (wage '*' or employment '**'); no imputation; coverage reported by industry-year; top-coded '#' set to year threshold and flagged,planned,analysis/scripts/03_main_models.R,CR1 by occ
S02,M2,H1,ln_real_wage,renewable,occ; year,"WLS fixest::feols, weights = emp; occupation and year FE",Within-occupation gap pooled,main,drop BLS-suppressed cells (wage '*' or employment '**'); no imputation; coverage reported by industry-year; top-coded '#' set to year threshold and flagged,planned,analysis/scripts/03_main_models.R,CR1 by occ
S03,M3,H1; H5,ln_real_wage,renewable,occ; year,"WLS fixest::feols, weights = emp; occupation-by-year FE",Headline model-based within-occupation-year gap,main,drop BLS-suppressed cells (wage '*' or employment '**'); no imputation; coverage reported by industry-year; top-coded '#' set to year threshold and flagged,planned,analysis/scripts/03_main_models.R,"CR1 by occ + WCR wild cluster bootstrap (Webb, 9999)"
S04,M4,H2,ln_real_wage,technology,occ; year,"WLS fixest::feols, weights = emp; occupation-by-year FE",Technology gaps vs fossil; Holm; hydro TOST; solar-hydro and wind-hydro contrasts,main,drop BLS-suppressed cells (wage '*' or employment '**'); no imputation; coverage reported by industry-year; top-coded '#' set to year threshold and flagged,planned,analysis/scripts/03_main_models.R,"CR1 by occ + WCR wild cluster bootstrap (Webb, 9999); Holm across 5"
S05,M5,H3,ln_real_wage,renewable; occ_class,occ; year,"WLS fixest::feols, weights = emp; occupation-by-year FE; renewable x class",Gap by four occupational classes; blue-collar minus professional/managerial; joint Wald,main,drop BLS-suppressed cells (wage '*' or employment '**'); no imputation; coverage reported by industry-year; top-coded '#' set to year threshold and flagged,planned,analysis/scripts/03_main_models.R,"CR1 by occ + WCR wild cluster bootstrap (Webb, 9999); joint Wald"
S06,M5,H3,ln_real_wage,renewable; soc_major,occ; year,"WLS fixest::feols, weights = emp; occupation-by-year FE; renewable x major group",Descriptive major-group gaps and five-class version (managers separate),secondary,drop BLS-suppressed cells (wage '*' or employment '**'); no imputation; coverage reported by industry-year; top-coded '#' set to year threshold and flagged,planned,analysis/scripts/03_main_models.R,CR1 by occ
S07,M6,H4,ln_real_wage,renewable; year,occ; year,"WLS fixest::feols, weights = emp; occupation-by-year FE; renewable x year",Year-specific gaps; primary 2025-2021; secondary 2024-2021; TOST margin 0.05; joint Wald; linear trend,main,drop BLS-suppressed cells (wage '*' or employment '**'); no imputation; coverage reported by industry-year; top-coded '#' set to year threshold and flagged,planned,analysis/scripts/03_main_models.R,"CR1 by occ + WCR wild cluster bootstrap (Webb, 9999); TOST"
S08,M7,H2; H4,ln_real_wage,technology; year,occ; year,"WLS fixest::feols, weights = emp; occupation-by-year FE; technology x year","Descriptive technology-by-year gaps (solar, wind, hydro, nuclear)",descriptive,drop BLS-suppressed cells (wage '*' or employment '**'); no imputation; coverage reported by industry-year; top-coded '#' set to year threshold and flagged,planned,analysis/scripts/03_main_models.R,CR1 by occ
S09,D1,H1; H5; H4,ln_real_wage,renewable; occ; emp,year,Kitagawa midpoint decomposition on common support,Raw = composition + within + off-support by year; within term W_t is headline estimand,main,drop BLS-suppressed cells (wage '*' or employment '**'); no imputation; coverage reported by industry-year; top-coded '#' set to year threshold and flagged,planned,analysis/scripts/04_decomposition.R,occupation-cluster pairs bootstrap (999)
S10,D1,H5,ln_real_wage,renewable; occ; emp,year,"Kitagawa decomposition, stricter support (occupations in both sectors all five years)",Alternative common-support rule,robustness,drop BLS-suppressed cells (wage '*' or employment '**'); no imputation; coverage reported by industry-year; top-coded '#' set to year threshold and flagged,planned,analysis/scripts/04_decomposition.R,occupation-cluster pairs bootstrap (999)
S11,D2,H4,ln_real_wage,renewable; occ; year,year,Accounting decomposition of change in W_t,2025-2021 change split into continuing vs entering/exiting occupations,main,drop BLS-suppressed cells (wage '*' or employment '**'); no imputation; coverage reported by industry-year; top-coded '#' set to year threshold and flagged,planned,analysis/scripts/04_decomposition.R,occupation-cluster pairs bootstrap (999)
R01,M3,H1,ln_real_wage,renewable,occ; year,"WLS fixest::feols, weights = emp; balanced industry-occupation cells present all five years",R1 balanced cells; also primary 2025-2021 change where applicable,robustness,drop BLS-suppressed cells (wage '*' or employment '**'); no imputation; coverage reported by industry-year; top-coded '#' set to year threshold and flagged,planned,analysis/scripts/05_robustness.R,CR1 by occ
R02,M3,H1,ln_real_wage,renewable,occ; year,WLS weights = emp / mean_prse^2,R2 precision weights; also primary 2025-2021 change where applicable,robustness,drop BLS-suppressed cells (wage '*' or employment '**'); no imputation; coverage reported by industry-year; top-coded '#' set to year threshold and flagged,planned,analysis/scripts/05_robustness.R,CR1 by occ
R03,M3,H1,ln_real_wage,renewable,occ; year,OLS unweighted,R3 unweighted; also primary 2025-2021 change where applicable,robustness,drop BLS-suppressed cells (wage '*' or employment '**'); no imputation; coverage reported by industry-year; top-coded '#' set to year threshold and flagged,planned,analysis/scripts/05_robustness.R,CR1 by occ
R04,M3,H1,ln_real_median,renewable,occ; year,"WLS fixest::feols, weights = emp",R4 median outcome; also primary 2025-2021 change where applicable,robustness,drop BLS-suppressed cells (wage '*' or employment '**'); no imputation; coverage reported by industry-year; top-coded '#' set to year threshold and flagged,planned,analysis/scripts/05_robustness.R,CR1 by occ
R05a,M3,H1,ln_real_p10,renewable,occ; year,"WLS fixest::feols, weights = emp",R5 P10 outcome; also primary 2025-2021 change where applicable,robustness,drop BLS-suppressed cells (wage '*' or employment '**'); no imputation; coverage reported by industry-year; top-coded '#' set to year threshold and flagged,planned,analysis/scripts/05_robustness.R,CR1 by occ
R05b,M3,H1,ln_real_p90,renewable,occ; year,"WLS fixest::feols, weights = emp",R5 P90 outcome (censored); also primary 2025-2021 change where applicable,robustness,drop BLS-suppressed cells (wage '*' or employment '**'); no imputation; coverage reported by industry-year; top-coded '#' set to year threshold and flagged,planned,analysis/scripts/05_robustness.R,CR1 by occ
R06,M3,H1,ln_real_wage,renewable,occ; year,"WLS fixest::feols, weights = emp; other generation coded renewable",R6 other as renewable; also primary 2025-2021 change where applicable,robustness,drop BLS-suppressed cells (wage '*' or employment '**'); no imputation; coverage reported by industry-year; top-coded '#' set to year threshold and flagged,planned,analysis/scripts/05_robustness.R,CR1 by occ
R07,M3,H1,ln_real_wage,renewable,occ; year,"WLS fixest::feols, weights = emp; other generation coded nonrenewable",R7 other as nonrenewable; also primary 2025-2021 change where applicable,robustness,drop BLS-suppressed cells (wage '*' or employment '**'); no imputation; coverage reported by industry-year; top-coded '#' set to year threshold and flagged,planned,analysis/scripts/05_robustness.R,CR1 by occ
R08,M3,H1,ln_real_wage,renewable,occ; year,"WLS fixest::feols, weights = emp; drop top-coded cells",R8 drop top-coded; also primary 2025-2021 change where applicable,robustness,drop BLS-suppressed cells (wage '*' or employment '**'); no imputation; coverage reported by industry-year; top-coded '#' set to year threshold and flagged,planned,analysis/scripts/05_robustness.R,CR1 by occ
R09,M3,H1,ln_real_wage,renewable,occ; year,"WLS fixest::feols, weights = emp; cells with mean_prse <= 10",R9 PRSE <= 10; also primary 2025-2021 change where applicable,robustness,drop BLS-suppressed cells (wage '*' or employment '**'); no imputation; coverage reported by industry-year; top-coded '#' set to year threshold and flagged,planned,analysis/scripts/05_robustness.R,CR1 by occ
R10,M3,H1,ln_real_wage,renewable,occ; year,"WLS fixest::feols, weights = emp; nominal wages",R10 nominal wages; also primary 2025-2021 change where applicable,robustness,drop BLS-suppressed cells (wage '*' or employment '**'); no imputation; coverage reported by industry-year; top-coded '#' set to year threshold and flagged,planned,analysis/scripts/05_robustness.R,CR1 by occ
R11,M6,H4,ln_real_wage,renewable; year,occ; year,"WLS fixest::feols, weights = emp; 2021 and 2025 only",R11 two-period sample; also primary 2025-2021 change where applicable,robustness,drop BLS-suppressed cells (wage '*' or employment '**'); no imputation; coverage reported by industry-year; top-coded '#' set to year threshold and flagged,planned,analysis/scripts/05_robustness.R,CR1 by occ
R12,M3,H1,ln_real_wage,renewable,occ; year,"WLS fixest::feols, weights = emp; new renewables (solar, wind, biomass, geothermal) vs legacy (fossil, nuclear, hydro)",R12 new vs legacy; also primary 2025-2021 change where applicable,robustness,drop BLS-suppressed cells (wage '*' or employment '**'); no imputation; coverage reported by industry-year; top-coded '#' set to year threshold and flagged,planned,analysis/scripts/05_robustness.R,CR1 by occ
R13,M3,H1,ln_real_wage,renewable,occ; year,"WLS fixest::feols, weights = emp; nuclear excluded",R13 exclude nuclear; also primary 2025-2021 change where applicable,robustness,drop BLS-suppressed cells (wage '*' or employment '**'); no imputation; coverage reported by industry-year; top-coded '#' set to year threshold and flagged,planned,analysis/scripts/05_robustness.R,CR1 by occ
R14,M3,H1,ln_real_hourly,renewable,occ; year,"WLS fixest::feols, weights = emp",R14 hourly mean; also primary 2025-2021 change where applicable,robustness,drop BLS-suppressed cells (wage '*' or employment '**'); no imputation; coverage reported by industry-year; top-coded '#' set to year threshold and flagged,planned,analysis/scripts/05_robustness.R,CR1 by occ
R15,M3,H1,ln_real_wage,renewable,occ; year,"WLS fixest::feols, weights = emp; drop five largest identifying occupations",R15 drop influential occupations; also primary 2025-2021 change where applicable,robustness,drop BLS-suppressed cells (wage '*' or employment '**'); no imputation; coverage reported by industry-year; top-coded '#' set to year threshold and flagged,planned,analysis/scripts/05_robustness.R,CR1 by occ
R16,M3,H1,ln_real_wage,renewable,occ; year,"WLS fixest::feols, weights = emp; SE clustered by industry x occupation",R16 cell clustering; also primary 2025-2021 change where applicable,robustness,drop BLS-suppressed cells (wage '*' or employment '**'); no imputation; coverage reported by industry-year; top-coded '#' set to year threshold and flagged,planned,analysis/scripts/05_robustness.R,CR1 by occ
